sale_id,sale_date,product_id,store_id,quantity
SAL-20260612-0001,2026-06-12,PRD-002,STR-001,1
SAL-20260612-0002,2026-06-12,PRD-001,STR-001,1
SAL-20260612-0003,2026-06-12,PRD-005,STR-001,2
SAL-20260612-0004,2026-06-12,PRD-002,STR-001,2
SAL-20260612-0005,2026-06-12,PRD-005,STR-001,1
SAL-20260612-0006,2026-06-12,PRD-009,STR-001,3
SAL-20260612-0007,2026-06-12,PRD-005,STR-001,1
SAL-20260612-0008,2026-06-12,PRD-017,STR-001,1
SAL-20260612-0009,2026-06-12,PRD-001,STR-001,1
SAL-20260612-0010,2026-06-12,PRD-011,STR-001,4
SAL-20260612-0011,2026-06-12,PRD-002,STR-001,1
SAL-20260612-0012,2026-06-12,PRD-014,STR-001,3
SAL-20260612-0013,2026-06-12,PRD-012,STR-001,1
SAL-20260612-0014,2026-06-12,PRD-011,STR-001,1
SAL-20260612-0015,2026-06-12,PRD-008,STR-001,2
SAL-20260612-0016,2026-06-12,PRD-002,STR-001,3
SAL-20260612-0017,2026-06-12,PRD-004,STR-001,1
SAL-20260612-0018,2026-06-12,PRD-013,STR-001,1
SAL-20260612-0019,2026-06-12,PRD-014,STR-001,1
SAL-20260612-0020,2026-06-12,PRD-008,STR-001,1
SAL-20260612-0021,2026-06-12,PRD-006,STR-001,1
SAL-20260612-0022,2026-06-12,PRD-013,STR-001,1
SAL-20260612-0023,2026-06-12,PRD-005,STR-001,1
SAL-20260612-0024,2026-06-12,PRD-016,STR-001,1
SAL-20260612-0025,2026-06-12,PRD-013,STR-001,2
SAL-20260612-0026,2026-06-12,PRD-006,STR-001,3
SAL-20260612-0027,2026-06-12,PRD-012,STR-001,1
SAL-20260612-0028,2026-06-12,PRD-002,STR-001,1
SAL-20260612-0029,2026-06-12,PRD-014,STR-001,1
SAL-20260612-0030,2026-06-12,PRD-008,STR-001,2
SAL-20260612-0031,2026-06-12,PRD-007,STR-001,1
SAL-20260612-0032,2026-06-12,PRD-010,STR-001,1
SAL-20260612-0033,2026-06-12,PRD-002,STR-001,1
SAL-20260612-0034,2026-06-12,PRD-009,STR-001,1
SAL-20260612-0035,2026-06-12,PRD-010,STR-001,1
SAL-20260612-0036,2026-06-12,PRD-015,STR-001,1
SAL-20260612-0037,2026-06-12,PRD-017,STR-001,1
SAL-20260612-0038,2026-06-12,PRD-002,STR-001,4
SAL-20260612-0039,2026-06-12,PRD-018,STR-001,3
SAL-20260612-0040,2026-06-12,PRD-001,STR-001,2
SAL-20260612-0041,2026-06-12,PRD-012,STR-001,1
SAL-20260612-0042,2026-06-12,PRD-002,STR-001,1
SAL-20260612-0043,2026-06-12,PRD-001,STR-001,1
SAL-20260612-0044,2026-06-12,PRD-010,STR-001,1
SAL-20260612-0045,2026-06-12,PRD-001,STR-001,1
SAL-20260612-0046,2026-06-12,PRD-020,STR-001,2
SAL-20260612-0047,2026-06-12,PRD-017,STR-001,2
SAL-20260612-0048,2026-06-12,PRD-014,STR-001,2
SAL-20260612-0049,2026-06-12,PRD-015,STR-001,1
SAL-20260612-0050,2026-06-12,PRD-001,STR-001,2
SAL-20260612-0051,2026-06-12,PRD-004,STR-001,3
SAL-20260612-0052,2026-06-12,PRD-009,STR-001,3
SAL-20260612-0053,2026-06-12,PRD-014,STR-001,1
SAL-20260612-0054,2026-06-12,PRD-010,STR-001,1
SAL-20260612-0055,2026-06-12,PRD-001,STR-001,2
SAL-20260612-0056,2026-06-12,PRD-005,STR-001,1
SAL-20260612-0057,2026-06-12,PRD-007,STR-001,1
SAL-20260612-0058,2026-06-12,PRD-013,STR-001,2
SAL-20260612-0059,2026-06-12,PRD-006,STR-001,1
SAL-20260612-0060,2026-06-12,PRD-006,STR-001,1
SAL-20260612-0061,2026-06-12,PRD-004,STR-001,2
SAL-20260612-0062,2026-06-12,PRD-004,STR-001,1
SAL-20260612-0063,2026-06-12,PRD-009,STR-001,2
SAL-20260612-0064,2026-06-12,PRD-014,STR-001,1
SAL-20260612-0065,2026-06-12,PRD-006,STR-001,1
SAL-20260612-0066,2026-06-12,PRD-011,STR-001,1
SAL-20260612-0067,2026-06-12,PRD-006,STR-001,3
SAL-20260612-0068,2026-06-12,PRD-009,STR-001,1
SAL-20260612-0069,2026-06-12,PRD-012,STR-001,1
SAL-20260612-0070,2026-06-12,PRD-005,STR-001,1
SAL-20260612-0071,2026-06-12,PRD-019,STR-001,3
SAL-20260612-0072,2026-06-12,PRD-003,STR-001,1
SAL-20260612-0073,2026-06-12,PRD-015,STR-001,1
SAL-20260612-0074,2026-06-12,PRD-009,STR-001,1
SAL-20260612-0075,2026-06-12,PRD-019,STR-001,1
SAL-20260612-0076,2026-06-12,PRD-009,STR-001,1
SAL-20260612-0077,2026-06-12,PRD-006,STR-001,1
SAL-20260612-0078,2026-06-12,PRD-006,STR-001,2
SAL-20260612-0079,2026-06-12,PRD-006,STR-001,1
SAL-20260612-0080,2026-06-12,PRD-005,STR-001,1
SAL-20260612-0081,2026-06-12,PRD-019,STR-001,3
SAL-20260612-0082,2026-06-12,PRD-015,STR-001,2
SAL-20260612-0083,2026-06-12,PRD-018,STR-001,3
SAL-20260612-0084,2026-06-12,PRD-001,STR-001,1
SAL-20260612-0085,2026-06-12,PRD-003,STR-001,1
SAL-20260612-0086,2026-06-12,PRD-001,STR-001,5
SAL-20260612-0087,2026-06-12,PRD-017,STR-001,1
SAL-20260612-0088,2026-06-12,PRD-002,STR-001,1
SAL-20260612-0089,2026-06-12,PRD-014,STR-001,2
SAL-20260612-0090,2026-06-12,PRD-009,STR-001,1
SAL-20260612-0091,2026-06-12,PRD-013,STR-001,1
SAL-20260612-0092,2026-06-12,PRD-018,STR-001,1
SAL-20260612-0093,2026-06-12,PRD-013,STR-001,2
SAL-20260612-0094,2026-06-12,PRD-015,STR-001,1
SAL-20260612-0095,2026-06-12,PRD-005,STR-001,1
SAL-20260612-0096,2026-06-12,PRD-010,STR-001,1
SAL-20260612-0097,2026-06-12,PRD-019,STR-001,1
SAL-20260612-0098,2026-06-12,PRD-017,STR-001,1
SAL-20260612-0099,2026-06-12,PRD-005,STR-001,1
SAL-20260612-0100,2026-06-12,PRD-009,STR-001,1
SAL-20260612-0101,2026-06-12,PRD-013,STR-001,1
SAL-20260612-0102,2026-06-12,PRD-002,STR-001,1
SAL-20260612-0103,2026-06-12,PRD-015,STR-001,2
SAL-20260612-0104,2026-06-12,PRD-013,STR-001,1
SAL-20260612-0105,2026-06-12,PRD-001,STR-001,1
SAL-20260612-0106,2026-06-12,PRD-014,STR-001,1
SAL-20260612-0107,2026-06-12,PRD-005,STR-001,1
SAL-20260612-0108,2026-06-12,PRD-004,STR-001,2
SAL-20260612-0109,2026-06-12,PRD-001,STR-001,1
SAL-20260612-0110,2026-06-12,PRD-012,STR-001,1
SAL-20260612-0111,2026-06-12,PRD-009,STR-001,1
SAL-20260612-0112,2026-06-12,PRD-005,STR-001,1
SAL-20260612-0113,2026-06-12,PRD-007,STR-001,1
SAL-20260612-0114,2026-06-12,PRD-002,STR-001,1
SAL-20260612-0115,2026-06-12,PRD-012,STR-001,3
SAL-20260612-0116,2026-06-12,PRD-013,STR-001,1
SAL-20260612-0117,2026-06-12,PRD-006,STR-001,1
SAL-20260612-0118,2026-06-12,PRD-001,STR-001,1
SAL-20260612-0119,2026-06-12,PRD-015,STR-001,3
SAL-20260612-0120,2026-06-12,PRD-005,STR-001,1
SAL-20260612-0121,2026-06-12,PRD-001,STR-001,1
SAL-20260612-0122,2026-06-12,PRD-009,STR-001,3
SAL-20260612-0123,2026-06-12,PRD-011,STR-001,1
SAL-20260612-0124,2026-06-12,PRD-012,STR-001,1
SAL-20260612-0125,2026-06-12,PRD-006,STR-001,1
SAL-20260612-0126,2026-06-12,PRD-007,STR-001,1
SAL-20260612-0127,2026-06-12,PRD-001,STR-001,1
SAL-20260612-0128,2026-06-12,PRD-014,STR-001,2
SAL-20260612-0129,2026-06-12,PRD-018,STR-001,1
SAL-20260612-0130,2026-06-12,PRD-006,STR-001,2
SAL-20260612-0131,2026-06-12,PRD-009,STR-001,1
SAL-20260612-0132,2026-06-12,PRD-015,STR-001,1
SAL-20260612-0133,2026-06-12,PRD-014,STR-001,2
SAL-20260612-0134,2026-06-12,PRD-005,STR-001,5
SAL-20260612-0135,2026-06-12,PRD-013,STR-001,1
SAL-20260612-0136,2026-06-12,PRD-013,STR-001,1
SAL-20260612-0137,2026-06-12,PRD-002,STR-001,1
SAL-20260612-0138,2026-06-12,PRD-017,STR-001,1
SAL-20260612-0139,2026-06-12,PRD-011,STR-001,1
SAL-20260612-0140,2026-06-12,PRD-015,STR-001,1
SAL-20260612-0141,2026-06-12,PRD-016,STR-001,1
SAL-20260612-0142,2026-06-12,PRD-018,STR-001,1
SAL-20260612-0143,2026-06-12,PRD-009,STR-001,2
SAL-20260612-0144,2026-06-12,PRD-012,STR-001,1
SAL-20260612-0145,2026-06-12,PRD-019,STR-001,1
SAL-20260612-0146,2026-06-12,PRD-006,STR-001,1
SAL-20260612-0147,2026-06-12,PRD-007,STR-001,1
SAL-20260612-0148,2026-06-12,PRD-014,STR-001,1
SAL-20260612-0149,2026-06-12,PRD-004,STR-001,2
SAL-20260612-0150,2026-06-12,PRD-015,STR-001,1
SAL-20260612-0151,2026-06-12,PRD-005,STR-001,1
SAL-20260612-0152,2026-06-12,PRD-013,STR-001,2
SAL-20260612-0153,2026-06-12,PRD-001,STR-001,1
SAL-20260612-0154,2026-06-12,PRD-012,STR-001,1
SAL-20260612-0155,2026-06-12,PRD-005,STR-001,2
SAL-20260612-0156,2026-06-12,PRD-010,STR-001,2
SAL-20260612-0157,2026-06-12,PRD-019,STR-001,1
SAL-20260612-0158,2026-06-12,PRD-006,STR-001,1
SAL-20260612-0159,2026-06-12,PRD-017,STR-001,1
SAL-20260612-0160,2026-06-12,PRD-013,STR-001,1
SAL-20260612-0161,2026-06-12,PRD-002,STR-001,2
SAL-20260612-0162,2026-06-12,PRD-016,STR-001,1
SAL-20260612-0163,2026-06-12,PRD-012,STR-001,2
SAL-20260612-0164,2026-06-12,PRD-009,STR-001,1
SAL-20260612-0165,2026-06-12,PRD-012,STR-001,1
SAL-20260612-0166,2026-06-12,PRD-006,STR-001,1
SAL-20260612-0167,2026-06-12,PRD-002,STR-001,3
SAL-20260612-0168,2026-06-12,PRD-007,STR-001,2
SAL-20260612-0169,2026-06-12,PRD-005,STR-001,1
SAL-20260612-0170,2026-06-12,PRD-016,STR-001,1
SAL-20260612-0171,2026-06-12,PRD-005,STR-001,1
SAL-20260612-0172,2026-06-12,PRD-016,STR-001,1
SAL-20260612-0173,2026-06-12,PRD-016,STR-001,1
SAL-20260612-0174,2026-06-12,PRD-006,STR-001,1
SAL-20260612-0175,2026-06-12,PRD-002,STR-001,2
SAL-20260612-0176,2026-06-12,PRD-005,STR-001,1
SAL-20260612-0177,2026-06-12,PRD-015,STR-001,1
SAL-20260612-0178,2026-06-12,PRD-005,STR-001,1
SAL-20260612-0179,2026-06-12,PRD-019,STR-001,1
SAL-20260612-0180,2026-06-12,PRD-015,STR-001,2
SAL-20260612-0181,2026-06-12,PRD-014,STR-001,1
SAL-20260612-0182,2026-06-12,PRD-014,STR-001,2
SAL-20260612-0183,2026-06-12,PRD-019,STR-001,2
SAL-20260612-0184,2026-06-12,PRD-005,STR-001,2
SAL-20260612-0185,2026-06-12,PRD-013,STR-001,1
SAL-20260612-0186,2026-06-12,PRD-015,STR-001,1
SAL-20260612-0187,2026-06-12,PRD-009,STR-001,3
SAL-20260612-0188,2026-06-12,PRD-019,STR-001,1
SAL-20260612-0189,2026-06-12,PRD-009,STR-001,1
SAL-20260612-0190,2026-06-12,PRD-007,STR-001,1
SAL-20260612-0191,2026-06-12,PRD-012,STR-001,1
SAL-20260612-0192,2026-06-12,PRD-009,STR-001,1
SAL-20260612-0193,2026-06-12,PRD-005,STR-001,2
SAL-20260612-0194,2026-06-12,PRD-010,STR-001,5
SAL-20260612-0195,2026-06-12,PRD-006,STR-001,1
SAL-20260612-0196,2026-06-12,PRD-005,STR-001,1
SAL-20260612-0197,2026-06-12,PRD-001,STR-001,2
SAL-20260612-0198,2026-06-12,PRD-008,STR-001,2
SAL-20260612-0199,2026-06-12,PRD-017,STR-001,2
SAL-20260612-0200,2026-06-12,PRD-002,STR-001,1
SAL-20260612-0201,2026-06-12,PRD-009,STR-001,1
SAL-20260612-0202,2026-06-12,PRD-010,STR-001,2
SAL-20260612-0203,2026-06-12,PRD-005,STR-001,1
SAL-20260612-0204,2026-06-12,PRD-017,STR-001,1
SAL-20260612-0205,2026-06-12,PRD-011,STR-001,2
SAL-20260612-0206,2026-06-12,PRD-010,STR-001,1
SAL-20260612-0207,2026-06-12,PRD-019,STR-001,1
SAL-20260612-0208,2026-06-12,PRD-009,STR-001,3
SAL-20260612-0209,2026-06-12,PRD-005,STR-001,1
SAL-20260612-0210,2026-06-12,PRD-007,STR-001,1
SAL-20260612-0211,2026-06-12,PRD-012,STR-001,1
SAL-20260612-0212,2026-06-12,PRD-013,STR-001,3
SAL-20260612-0213,2026-06-12,PRD-003,STR-001,1
SAL-20260612-0214,2026-06-12,PRD-001,STR-001,4
SAL-20260612-0215,2026-06-12,PRD-006,STR-001,1
SAL-20260612-0216,2026-06-12,PRD-004,STR-001,1
SAL-20260612-0217,2026-06-12,PRD-016,STR-001,1
SAL-20260612-0218,2026-06-12,PRD-015,STR-001,1
SAL-20260612-0219,2026-06-12,PRD-014,STR-001,1
SAL-20260612-0220,2026-06-12,PRD-013,STR-001,1
SAL-20260612-0221,2026-06-12,PRD-014,STR-001,2
SAL-20260612-0222,2026-06-12,PRD-009,STR-001,1
SAL-20260612-0223,2026-06-12,PRD-009,STR-001,2
SAL-20260612-0224,2026-06-12,PRD-016,STR-001,3
SAL-20260612-0225,2026-06-12,PRD-005,STR-001,1
SAL-20260612-0226,2026-06-12,PRD-013,STR-001,2
SAL-20260612-0227,2026-06-12,PRD-013,STR-001,2
SAL-20260612-0228,2026-06-12,PRD-014,STR-001,2
SAL-20260612-0229,2026-06-12,PRD-003,STR-001,1
SAL-20260612-0230,2026-06-12,PRD-013,STR-001,1
SAL-20260612-0231,2026-06-12,PRD-017,STR-001,1
SAL-20260612-0232,2026-06-12,PRD-013,STR-001,1
SAL-20260612-0233,2026-06-12,PRD-002,STR-001,3
SAL-20260612-0234,2026-06-12,PRD-002,STR-001,3
SAL-20260612-0235,2026-06-12,PRD-013,STR-001,1
SAL-20260612-0236,2026-06-12,PRD-016,STR-001,3
SAL-20260612-0237,2026-06-12,PRD-014,STR-001,1
SAL-20260612-0238,2026-06-12,PRD-006,STR-001,2
SAL-20260612-0239,2026-06-12,PRD-007,STR-001,2
SAL-20260612-0240,2026-06-12,PRD-015,STR-001,1
SAL-20260612-0241,2026-06-12,PRD-006,STR-001,2
SAL-20260612-0242,2026-06-12,PRD-005,STR-001,2
SAL-20260612-0243,2026-06-12,PRD-005,STR-001,1
SAL-20260612-0244,2026-06-12,PRD-001,STR-001,1
SAL-20260612-0245,2026-06-12,PRD-009,STR-001,1
SAL-20260612-0246,2026-06-12,PRD-006,STR-001,1
SAL-20260612-0247,2026-06-12,PRD-009,STR-001,1
SAL-20260612-0248,2026-06-12,PRD-012,STR-001,1
SAL-20260612-0249,2026-06-12,PRD-005,STR-001,1
SAL-20260612-0250,2026-06-12,PRD-013,STR-001,1
SAL-20260612-0251,2026-06-12,PRD-013,STR-001,2
SAL-20260612-0252,2026-06-12,PRD-019,STR-001,1
SAL-20260612-0253,2026-06-12,PRD-013,STR-001,1
SAL-20260612-0254,2026-06-12,PRD-011,STR-001,1
SAL-20260612-0255,2026-06-12,PRD-007,STR-001,1
SAL-20260612-0256,2026-06-12,PRD-019,STR-001,1
SAL-20260612-0257,2026-06-12,PRD-007,STR-001,1
SAL-20260612-0258,2026-06-12,PRD-016,STR-001,1
SAL-20260612-0259,2026-06-12,PRD-019,STR-001,3
SAL-20260612-0260,2026-06-12,PRD-015,STR-001,1
SAL-20260612-0261,2026-06-12,PRD-018,STR-001,1
SAL-20260612-0262,2026-06-12,PRD-006,STR-001,1
SAL-20260612-0263,2026-06-12,PRD-007,STR-001,1
SAL-20260612-0264,2026-06-12,PRD-015,STR-001,1
SAL-20260612-0265,2026-06-12,PRD-002,STR-001,1
SAL-20260612-0266,2026-06-12,PRD-001,STR-001,3
SAL-20260612-0267,2026-06-12,PRD-012,STR-001,1
SAL-20260612-0268,2026-06-12,PRD-009,STR-001,1
SAL-20260612-0269,2026-06-12,PRD-009,STR-001,1
SAL-20260612-0270,2026-06-12,PRD-002,STR-001,2
SAL-20260612-0271,2026-06-12,PRD-010,STR-001,1
SAL-20260612-0272,2026-06-12,PRD-002,STR-001,1
SAL-20260612-0273,2026-06-12,PRD-013,STR-001,1
SAL-20260612-0274,2026-06-12,PRD-011,STR-001,1
SAL-20260612-0275,2026-06-12,PRD-006,STR-001,1
SAL-20260612-0276,2026-06-12,PRD-006,STR-001,3
SAL-20260612-0277,2026-06-12,PRD-020,STR-001,1
SAL-20260612-0278,2026-06-12,PRD-001,STR-001,1
SAL-20260612-0279,2026-06-12,PRD-009,STR-001,1
SAL-20260612-0280,2026-06-12,PRD-013,STR-001,1
SAL-20260612-0281,2026-06-12,PRD-004,STR-001,1
SAL-20260612-0282,2026-06-12,PRD-008,STR-001,1
SAL-20260612-0283,2026-06-12,PRD-020,STR-001,1
SAL-20260612-0284,2026-06-12,PRD-013,STR-001,1
SAL-20260612-0285,2026-06-12,PRD-019,STR-001,2
SAL-20260612-0286,2026-06-12,PRD-002,STR-001,1
SAL-20260612-0287,2026-06-12,PRD-011,STR-001,2
SAL-20260612-0288,2026-06-12,PRD-014,STR-001,2
SAL-20260612-0289,2026-06-12,PRD-018,STR-001,2
SAL-20260612-0290,2026-06-12,PRD-018,STR-001,2
SAL-20260612-0291,2026-06-12,PRD-007,STR-001,2
SAL-20260612-0292,2026-06-12,PRD-014,STR-001,1
SAL-20260612-0293,2026-06-12,PRD-019,STR-001,1
SAL-20260612-0294,2026-06-12,PRD-013,STR-001,1
SAL-20260612-0295,2026-06-12,PRD-006,STR-001,1
SAL-20260612-0296,2026-06-12,PRD-007,STR-001,1
SAL-20260612-0297,2026-06-12,PRD-002,STR-001,4
SAL-20260612-0298,2026-06-12,PRD-005,STR-001,1
SAL-20260612-0299,2026-06-12,PRD-019,STR-001,1
SAL-20260612-0300,2026-06-12,PRD-001,STR-001,1
SAL-20260612-0301,2026-06-12,PRD-017,STR-002,1
SAL-20260612-0302,2026-06-12,PRD-018,STR-002,2
SAL-20260612-0303,2026-06-12,PRD-011,STR-002,1
SAL-20260612-0304,2026-06-12,PRD-006,STR-002,1
SAL-20260612-0305,2026-06-12,PRD-009,STR-002,2
SAL-20260612-0306,2026-06-12,PRD-006,STR-002,1
SAL-20260612-0307,2026-06-12,PRD-005,STR-002,1
SAL-20260612-0308,2026-06-12,PRD-006,STR-002,2
SAL-20260612-0309,2026-06-12,PRD-004,STR-002,1
SAL-20260612-0310,2026-06-12,PRD-009,STR-002,1
SAL-20260612-0311,2026-06-12,PRD-006,STR-002,1
SAL-20260612-0312,2026-06-12,PRD-009,STR-002,1
SAL-20260612-0313,2026-06-12,PRD-019,STR-002,1
SAL-20260612-0314,2026-06-12,PRD-006,STR-002,1
SAL-20260612-0315,2026-06-12,PRD-006,STR-002,1
SAL-20260612-0316,2026-06-12,PRD-006,STR-002,1
SAL-20260612-0317,2026-06-12,PRD-008,STR-002,3
SAL-20260612-0318,2026-06-12,PRD-005,STR-002,1
SAL-20260612-0319,2026-06-12,PRD-006,STR-002,1
SAL-20260612-0320,2026-06-12,PRD-006,STR-002,1
SAL-20260612-0321,2026-06-12,PRD-001,STR-002,1
SAL-20260612-0322,2026-06-12,PRD-009,STR-002,1
SAL-20260612-0323,2026-06-12,PRD-002,STR-002,1
SAL-20260612-0324,2026-06-12,PRD-012,STR-002,1
SAL-20260612-0325,2026-06-12,PRD-012,STR-002,2
SAL-20260612-0326,2026-06-12,PRD-002,STR-002,1
SAL-20260612-0327,2026-06-12,PRD-007,STR-002,1
SAL-20260612-0328,2026-06-12,PRD-014,STR-002,3
SAL-20260612-0329,2026-06-12,PRD-017,STR-002,3
SAL-20260612-0330,2026-06-12,PRD-009,STR-002,2
SAL-20260612-0331,2026-06-12,PRD-013,STR-002,1
SAL-20260612-0332,2026-06-12,PRD-004,STR-002,1
SAL-20260612-0333,2026-06-12,PRD-015,STR-002,1
SAL-20260612-0334,2026-06-12,PRD-017,STR-002,1
SAL-20260612-0335,2026-06-12,PRD-004,STR-002,1
SAL-20260612-0336,2026-06-12,PRD-012,STR-002,1
SAL-20260612-0337,2026-06-12,PRD-005,STR-002,1
SAL-20260612-0338,2026-06-12,PRD-007,STR-002,1
SAL-20260612-0339,2026-06-12,PRD-007,STR-002,1
SAL-20260612-0340,2026-06-12,PRD-002,STR-002,1
SAL-20260612-0341,2026-06-12,PRD-001,STR-002,1
SAL-20260612-0342,2026-06-12,PRD-013,STR-002,1
SAL-20260612-0343,2026-06-12,PRD-005,STR-002,1
SAL-20260612-0344,2026-06-12,PRD-019,STR-002,1
SAL-20260612-0345,2026-06-12,PRD-009,STR-002,1
SAL-20260612-0346,2026-06-12,PRD-016,STR-002,1
SAL-20260612-0347,2026-06-12,PRD-002,STR-002,2
SAL-20260612-0348,2026-06-12,PRD-012,STR-002,2
SAL-20260612-0349,2026-06-12,PRD-015,STR-002,2
SAL-20260612-0350,2026-06-12,PRD-012,STR-002,1
SAL-20260612-0351,2026-06-12,PRD-006,STR-002,1
SAL-20260612-0352,2026-06-12,PRD-005,STR-002,1
SAL-20260612-0353,2026-06-12,PRD-011,STR-002,1
SAL-20260612-0354,2026-06-12,PRD-011,STR-002,1
SAL-20260612-0355,2026-06-12,PRD-016,STR-002,2
SAL-20260612-0356,2026-06-12,PRD-005,STR-002,3
SAL-20260612-0357,2026-06-12,PRD-002,STR-002,2
SAL-20260612-0358,2026-06-12,PRD-009,STR-002,2
SAL-20260612-0359,2026-06-12,PRD-009,STR-002,2
SAL-20260612-0360,2026-06-12,PRD-005,STR-002,2
SAL-20260612-0361,2026-06-12,PRD-015,STR-002,1
SAL-20260612-0362,2026-06-12,PRD-002,STR-002,3
SAL-20260612-0363,2026-06-12,PRD-012,STR-002,1
SAL-20260612-0364,2026-06-12,PRD-013,STR-002,2
SAL-20260612-0365,2026-06-12,PRD-020,STR-002,1
SAL-20260612-0366,2026-06-12,PRD-001,STR-002,1
SAL-20260612-0367,2026-06-12,PRD-017,STR-002,2
SAL-20260612-0368,2026-06-12,PRD-006,STR-002,4
SAL-20260612-0369,2026-06-12,PRD-006,STR-002,1
SAL-20260612-0370,2026-06-12,PRD-006,STR-002,1
SAL-20260612-0371,2026-06-12,PRD-002,STR-002,1
SAL-20260612-0372,2026-06-12,PRD-013,STR-002,3
SAL-20260612-0373,2026-06-12,PRD-001,STR-002,1
SAL-20260612-0374,2026-06-12,PRD-002,STR-002,1
SAL-20260612-0375,2026-06-12,PRD-006,STR-002,1
SAL-20260612-0376,2026-06-12,PRD-006,STR-002,1
SAL-20260612-0377,2026-06-12,PRD-007,STR-002,1
SAL-20260612-0378,2026-06-12,PRD-017,STR-002,1
SAL-20260612-0379,2026-06-12,PRD-007,STR-002,1
SAL-20260612-0380,2026-06-12,PRD-007,STR-002,2
SAL-20260612-0381,2026-06-12,PRD-014,STR-002,1
SAL-20260612-0382,2026-06-12,PRD-012,STR-002,1
SAL-20260612-0383,2026-06-12,PRD-001,STR-002,1
SAL-20260612-0384,2026-06-12,PRD-017,STR-002,2
SAL-20260612-0385,2026-06-12,PRD-012,STR-002,1
SAL-20260612-0386,2026-06-12,PRD-012,STR-002,1
SAL-20260612-0387,2026-06-12,PRD-015,STR-002,1
SAL-20260612-0388,2026-06-12,PRD-009,STR-002,2
SAL-20260612-0389,2026-06-12,PRD-013,STR-002,1
SAL-20260612-0390,2026-06-12,PRD-003,STR-002,2
SAL-20260612-0391,2026-06-12,PRD-001,STR-002,2
SAL-20260612-0392,2026-06-12,PRD-009,STR-002,1
SAL-20260612-0393,2026-06-12,PRD-005,STR-002,1
SAL-20260612-0394,2026-06-12,PRD-001,STR-002,1
SAL-20260612-0395,2026-06-12,PRD-014,STR-002,4
SAL-20260612-0396,2026-06-12,PRD-001,STR-002,1
SAL-20260612-0397,2026-06-12,PRD-020,STR-002,1
SAL-20260612-0398,2026-06-12,PRD-008,STR-002,1
SAL-20260612-0399,2026-06-12,PRD-005,STR-002,1
SAL-20260612-0400,2026-06-12,PRD-002,STR-002,3
SAL-20260612-0401,2026-06-12,PRD-014,STR-002,1
SAL-20260612-0402,2026-06-12,PRD-011,STR-002,1
SAL-20260612-0403,2026-06-12,PRD-009,STR-002,1
SAL-20260612-0404,2026-06-12,PRD-006,STR-002,1
SAL-20260612-0405,2026-06-12,PRD-002,STR-002,1
SAL-20260612-0406,2026-06-12,PRD-013,STR-002,2
SAL-20260612-0407,2026-06-12,PRD-004,STR-002,1
SAL-20260612-0408,2026-06-12,PRD-002,STR-002,1
SAL-20260612-0409,2026-06-12,PRD-010,STR-002,2
SAL-20260612-0410,2026-06-12,PRD-004,STR-002,2
SAL-20260612-0411,2026-06-12,PRD-014,STR-002,2
SAL-20260612-0412,2026-06-12,PRD-004,STR-002,1
SAL-20260612-0413,2026-06-12,PRD-006,STR-002,1
SAL-20260612-0414,2026-06-12,PRD-005,STR-002,2
SAL-20260612-0415,2026-06-12,PRD-005,STR-002,1
SAL-20260612-0416,2026-06-12,PRD-019,STR-002,1
SAL-20260612-0417,2026-06-12,PRD-001,STR-002,1
SAL-20260612-0418,2026-06-12,PRD-005,STR-002,2
SAL-20260612-0419,2026-06-12,PRD-003,STR-002,1
SAL-20260612-0420,2026-06-12,PRD-005,STR-002,1
SAL-20260612-0421,2026-06-12,PRD-014,STR-002,1
SAL-20260612-0422,2026-06-12,PRD-009,STR-002,1
SAL-20260612-0423,2026-06-12,PRD-015,STR-002,5
SAL-20260612-0424,2026-06-12,PRD-002,STR-002,1
SAL-20260612-0425,2026-06-12,PRD-007,STR-002,1
SAL-20260612-0426,2026-06-12,PRD-002,STR-002,1
SAL-20260612-0427,2026-06-12,PRD-005,STR-002,1
SAL-20260612-0428,2026-06-12,PRD-018,STR-002,1
SAL-20260612-0429,2026-06-12,PRD-011,STR-002,1
SAL-20260612-0430,2026-06-12,PRD-009,STR-002,1
SAL-20260612-0431,2026-06-12,PRD-019,STR-002,2
SAL-20260612-0432,2026-06-12,PRD-017,STR-002,1
SAL-20260612-0433,2026-06-12,PRD-012,STR-002,1
SAL-20260612-0434,2026-06-12,PRD-002,STR-002,3
SAL-20260612-0435,2026-06-12,PRD-006,STR-002,1
SAL-20260612-0436,2026-06-12,PRD-010,STR-002,1
SAL-20260612-0437,2026-06-12,PRD-005,STR-002,2
SAL-20260612-0438,2026-06-12,PRD-010,STR-002,1
SAL-20260612-0439,2026-06-12,PRD-019,STR-002,1
SAL-20260612-0440,2026-06-12,PRD-002,STR-002,1
SAL-20260612-0441,2026-06-12,PRD-013,STR-002,1
SAL-20260612-0442,2026-06-12,PRD-017,STR-002,1
SAL-20260612-0443,2026-06-12,PRD-013,STR-002,1
SAL-20260612-0444,2026-06-12,PRD-012,STR-002,1
SAL-20260612-0445,2026-06-12,PRD-014,STR-002,1
SAL-20260612-0446,2026-06-12,PRD-005,STR-002,1
SAL-20260612-0447,2026-06-12,PRD-011,STR-002,2
SAL-20260612-0448,2026-06-12,PRD-005,STR-002,2
SAL-20260612-0449,2026-06-12,PRD-006,STR-002,1
SAL-20260612-0450,2026-06-12,PRD-003,STR-002,2
SAL-20260612-0451,2026-06-12,PRD-010,STR-002,3
SAL-20260612-0452,2026-06-12,PRD-006,STR-002,3
SAL-20260612-0453,2026-06-12,PRD-002,STR-002,1
SAL-20260612-0454,2026-06-12,PRD-007,STR-002,2
SAL-20260612-0455,2026-06-12,PRD-017,STR-002,2
SAL-20260612-0456,2026-06-12,PRD-018,STR-002,2
SAL-20260612-0457,2026-06-12,PRD-005,STR-002,1
SAL-20260612-0458,2026-06-12,PRD-011,STR-002,1
SAL-20260612-0459,2026-06-12,PRD-002,STR-002,2
SAL-20260612-0460,2026-06-12,PRD-006,STR-002,1
SAL-20260612-0461,2026-06-12,PRD-012,STR-002,2
SAL-20260612-0462,2026-06-12,PRD-018,STR-002,2
SAL-20260612-0463,2026-06-12,PRD-013,STR-002,1
SAL-20260612-0464,2026-06-12,PRD-020,STR-002,2
SAL-20260612-0465,2026-06-12,PRD-005,STR-002,1
SAL-20260612-0466,2026-06-12,PRD-002,STR-002,1
SAL-20260612-0467,2026-06-12,PRD-013,STR-002,2
SAL-20260612-0468,2026-06-12,PRD-002,STR-002,1
SAL-20260612-0469,2026-06-12,PRD-001,STR-002,3
SAL-20260612-0470,2026-06-12,PRD-004,STR-002,1
SAL-20260612-0471,2026-06-12,PRD-015,STR-002,1
SAL-20260612-0472,2026-06-12,PRD-011,STR-002,2
SAL-20260612-0473,2026-06-12,PRD-008,STR-002,1
SAL-20260612-0474,2026-06-12,PRD-014,STR-002,2
SAL-20260612-0475,2026-06-12,PRD-009,STR-002,3
SAL-20260612-0476,2026-06-12,PRD-008,STR-002,3
SAL-20260612-0477,2026-06-12,PRD-013,STR-002,1
SAL-20260612-0478,2026-06-12,PRD-017,STR-002,1
SAL-20260612-0479,2026-06-12,PRD-009,STR-002,1
SAL-20260612-0480,2026-06-12,PRD-001,STR-002,1
SAL-20260612-0481,2026-06-12,PRD-019,STR-002,1
SAL-20260612-0482,2026-06-12,PRD-008,STR-002,1
SAL-20260612-0483,2026-06-12,PRD-012,STR-002,1
SAL-20260612-0484,2026-06-12,PRD-013,STR-002,2
SAL-20260612-0485,2026-06-12,PRD-010,STR-002,1
SAL-20260612-0486,2026-06-12,PRD-005,STR-002,1
SAL-20260612-0487,2026-06-12,PRD-005,STR-002,1
SAL-20260612-0488,2026-06-12,PRD-018,STR-002,1
SAL-20260612-0489,2026-06-12,PRD-014,STR-002,1
SAL-20260612-0490,2026-06-12,PRD-007,STR-002,1
SAL-20260612-0491,2026-06-12,PRD-019,STR-002,1
SAL-20260612-0492,2026-06-12,PRD-015,STR-002,2
SAL-20260612-0493,2026-06-12,PRD-012,STR-002,1
SAL-20260612-0494,2026-06-12,PRD-006,STR-002,2
SAL-20260612-0495,2026-06-12,PRD-019,STR-002,2
SAL-20260612-0496,2026-06-12,PRD-019,STR-002,1
SAL-20260612-0497,2026-06-12,PRD-002,STR-002,1
SAL-20260612-0498,2026-06-12,PRD-013,STR-002,2
SAL-20260612-0499,2026-06-12,PRD-009,STR-002,3
SAL-20260612-0500,2026-06-12,PRD-010,STR-002,1
SAL-20260612-0501,2026-06-12,PRD-014,STR-002,1
SAL-20260612-0502,2026-06-12,PRD-004,STR-002,1
SAL-20260612-0503,2026-06-12,PRD-007,STR-002,1
SAL-20260612-0504,2026-06-12,PRD-012,STR-002,2
SAL-20260612-0505,2026-06-12,PRD-018,STR-002,1
SAL-20260612-0506,2026-06-12,PRD-009,STR-002,1
SAL-20260612-0507,2026-06-12,PRD-013,STR-002,3
SAL-20260612-0508,2026-06-12,PRD-006,STR-002,1
SAL-20260612-0509,2026-06-12,PRD-018,STR-002,2
SAL-20260612-0510,2026-06-12,PRD-013,STR-002,1
SAL-20260612-0511,2026-06-12,PRD-001,STR-002,1
SAL-20260612-0512,2026-06-12,PRD-002,STR-002,1
SAL-20260612-0513,2026-06-12,PRD-017,STR-002,1
SAL-20260612-0514,2026-06-12,PRD-006,STR-002,1
SAL-20260612-0515,2026-06-12,PRD-008,STR-002,1
SAL-20260612-0516,2026-06-12,PRD-006,STR-002,1
SAL-20260612-0517,2026-06-12,PRD-009,STR-002,1
SAL-20260612-0518,2026-06-12,PRD-013,STR-002,2
SAL-20260612-0519,2026-06-12,PRD-005,STR-002,2
SAL-20260612-0520,2026-06-12,PRD-012,STR-002,3
SAL-20260612-0521,2026-06-12,PRD-004,STR-002,2
SAL-20260612-0522,2026-06-12,PRD-001,STR-002,3
SAL-20260612-0523,2026-06-12,PRD-006,STR-002,1
SAL-20260612-0524,2026-06-12,PRD-014,STR-002,1
SAL-20260612-0525,2026-06-12,PRD-005,STR-002,1
SAL-20260612-0526,2026-06-12,PRD-006,STR-002,1
SAL-20260612-0527,2026-06-12,PRD-013,STR-002,1
SAL-20260612-0528,2026-06-12,PRD-005,STR-002,1
SAL-20260612-0529,2026-06-12,PRD-007,STR-002,3
SAL-20260612-0530,2026-06-12,PRD-004,STR-002,1
SAL-20260612-0531,2026-06-12,PRD-005,STR-002,4
SAL-20260612-0532,2026-06-12,PRD-014,STR-002,1
SAL-20260612-0533,2026-06-12,PRD-007,STR-002,1
SAL-20260612-0534,2026-06-12,PRD-006,STR-002,1
SAL-20260612-0535,2026-06-12,PRD-002,STR-002,2
SAL-20260612-0536,2026-06-12,PRD-014,STR-002,2
SAL-20260612-0537,2026-06-12,PRD-012,STR-002,1
SAL-20260612-0538,2026-06-12,PRD-010,STR-002,1
SAL-20260612-0539,2026-06-12,PRD-003,STR-002,1
SAL-20260612-0540,2026-06-12,PRD-007,STR-002,3
SAL-20260612-0541,2026-06-12,PRD-005,STR-002,1
SAL-20260612-0542,2026-06-12,PRD-017,STR-002,1
SAL-20260612-0543,2026-06-12,PRD-013,STR-002,1
SAL-20260612-0544,2026-06-12,PRD-004,STR-002,1
SAL-20260612-0545,2026-06-12,PRD-014,STR-002,1
SAL-20260612-0546,2026-06-12,PRD-019,STR-002,2
SAL-20260612-0547,2026-06-12,PRD-018,STR-002,1
SAL-20260612-0548,2026-06-12,PRD-003,STR-002,1
SAL-20260612-0549,2026-06-12,PRD-009,STR-002,1
SAL-20260612-0550,2026-06-12,PRD-016,STR-002,1
SAL-20260612-0551,2026-06-12,PRD-009,STR-002,1
SAL-20260612-0552,2026-06-12,PRD-019,STR-002,2
SAL-20260612-0553,2026-06-12,PRD-009,STR-002,2
SAL-20260612-0554,2026-06-12,PRD-006,STR-002,1
SAL-20260612-0555,2026-06-12,PRD-017,STR-002,1
SAL-20260612-0556,2026-06-12,PRD-005,STR-002,1
SAL-20260612-0557,2026-06-12,PRD-002,STR-002,1
SAL-20260612-0558,2026-06-12,PRD-019,STR-002,1
SAL-20260612-0559,2026-06-12,PRD-011,STR-002,2
SAL-20260612-0560,2026-06-12,PRD-001,STR-002,1
SAL-20260612-0561,2026-06-12,PRD-002,STR-002,1
SAL-20260612-0562,2026-06-12,PRD-011,STR-002,1
SAL-20260612-0563,2026-06-12,PRD-002,STR-002,1
SAL-20260612-0564,2026-06-12,PRD-010,STR-002,1
SAL-20260612-0565,2026-06-12,PRD-013,STR-002,1
SAL-20260612-0566,2026-06-12,PRD-016,STR-002,2
SAL-20260612-0567,2026-06-12,PRD-013,STR-002,1
SAL-20260612-0568,2026-06-12,PRD-013,STR-002,1
SAL-20260612-0569,2026-06-12,PRD-009,STR-002,1
SAL-20260612-0570,2026-06-12,PRD-009,STR-002,1
SAL-20260612-0571,2026-06-12,PRD-009,STR-002,1
SAL-20260612-0572,2026-06-12,PRD-012,STR-002,2
SAL-20260612-0573,2026-06-12,PRD-013,STR-002,2
SAL-20260612-0574,2026-06-12,PRD-002,STR-002,1
SAL-20260612-0575,2026-06-12,PRD-013,STR-002,1
SAL-20260612-0576,2026-06-12,PRD-011,STR-002,2
SAL-20260612-0577,2026-06-12,PRD-014,STR-002,1
SAL-20260612-0578,2026-06-12,PRD-013,STR-002,1
SAL-20260612-0579,2026-06-12,PRD-019,STR-002,1
SAL-20260612-0580,2026-06-12,PRD-018,STR-002,2
SAL-20260612-0581,2026-06-12,PRD-013,STR-002,2
SAL-20260612-0582,2026-06-12,PRD-015,STR-002,1
SAL-20260612-0583,2026-06-12,PRD-002,STR-002,1
SAL-20260612-0584,2026-06-12,PRD-006,STR-002,1
SAL-20260612-0585,2026-06-12,PRD-006,STR-002,1
SAL-20260612-0586,2026-06-12,PRD-009,STR-002,1
SAL-20260612-0587,2026-06-12,PRD-003,STR-002,1
SAL-20260612-0588,2026-06-12,PRD-013,STR-002,2
SAL-20260612-0589,2026-06-12,PRD-008,STR-002,1
SAL-20260612-0590,2026-06-12,PRD-002,STR-002,1
SAL-20260612-0591,2026-06-12,PRD-009,STR-002,1
SAL-20260612-0592,2026-06-12,PRD-009,STR-002,3
SAL-20260612-0593,2026-06-12,PRD-010,STR-002,1
SAL-20260612-0594,2026-06-12,PRD-001,STR-002,1
SAL-20260612-0595,2026-06-12,PRD-001,STR-002,1
SAL-20260612-0596,2026-06-12,PRD-002,STR-002,2
SAL-20260612-0597,2026-06-12,PRD-013,STR-002,1
SAL-20260612-0598,2026-06-12,PRD-002,STR-002,1
SAL-20260612-0599,2026-06-12,PRD-004,STR-002,1
SAL-20260612-0600,2026-06-12,PRD-007,STR-002,2
SAL-20260612-0601,2026-06-12,PRD-002,STR-002,1
SAL-20260612-0602,2026-06-12,PRD-012,STR-002,1
SAL-20260612-0603,2026-06-12,PRD-009,STR-002,4
SAL-20260612-0604,2026-06-12,PRD-001,STR-002,3
SAL-20260612-0605,2026-06-12,PRD-001,STR-002,1
SAL-20260612-0606,2026-06-12,PRD-013,STR-002,1
SAL-20260612-0607,2026-06-12,PRD-013,STR-002,1
SAL-20260612-0608,2026-06-12,PRD-017,STR-002,2
SAL-20260612-0609,2026-06-12,PRD-006,STR-002,1
SAL-20260612-0610,2026-06-12,PRD-005,STR-002,1
SAL-20260612-0611,2026-06-12,PRD-017,STR-002,4
SAL-20260612-0612,2026-06-12,PRD-009,STR-002,1
SAL-20260612-0613,2026-06-12,PRD-009,STR-002,1
SAL-20260612-0614,2026-06-12,PRD-006,STR-002,1
SAL-20260612-0615,2026-06-12,PRD-014,STR-002,1
SAL-20260612-0616,2026-06-12,PRD-002,STR-002,1
SAL-20260612-0617,2026-06-12,PRD-016,STR-002,1
SAL-20260612-0618,2026-06-12,PRD-011,STR-002,1
SAL-20260612-0619,2026-06-12,PRD-010,STR-002,1
SAL-20260612-0620,2026-06-12,PRD-001,STR-002,2
SAL-20260612-0621,2026-06-12,PRD-015,STR-002,1
SAL-20260612-0622,2026-06-12,PRD-014,STR-002,1
SAL-20260612-0623,2026-06-12,PRD-012,STR-002,1
SAL-20260612-0624,2026-06-12,PRD-010,STR-002,1
SAL-20260612-0625,2026-06-12,PRD-007,STR-002,3
SAL-20260612-0626,2026-06-12,PRD-008,STR-002,1
SAL-20260612-0627,2026-06-12,PRD-013,STR-002,1
SAL-20260612-0628,2026-06-12,PRD-006,STR-002,1
SAL-20260612-0629,2026-06-12,PRD-006,STR-003,1
SAL-20260612-0630,2026-06-12,PRD-016,STR-003,1
SAL-20260612-0631,2026-06-12,PRD-004,STR-003,1
SAL-20260612-0632,2026-06-12,PRD-012,STR-003,1
SAL-20260612-0633,2026-06-12,PRD-011,STR-003,1
SAL-20260612-0634,2026-06-12,PRD-018,STR-003,2
SAL-20260612-0635,2026-06-12,PRD-002,STR-003,1
SAL-20260612-0636,2026-06-12,PRD-007,STR-003,2
SAL-20260612-0637,2026-06-12,PRD-001,STR-003,1
SAL-20260612-0638,2026-06-12,PRD-008,STR-003,1
SAL-20260612-0639,2026-06-12,PRD-020,STR-003,2
SAL-20260612-0640,2026-06-12,PRD-015,STR-003,1
SAL-20260612-0641,2026-06-12,PRD-016,STR-003,1
SAL-20260612-0642,2026-06-12,PRD-005,STR-003,1
SAL-20260612-0643,2026-06-12,PRD-018,STR-003,1
SAL-20260612-0644,2026-06-12,PRD-011,STR-003,1
SAL-20260612-0645,2026-06-12,PRD-013,STR-003,1
SAL-20260612-0646,2026-06-12,PRD-002,STR-003,2
SAL-20260612-0647,2026-06-12,PRD-019,STR-003,2
SAL-20260612-0648,2026-06-12,PRD-013,STR-003,1
SAL-20260612-0649,2026-06-12,PRD-001,STR-003,1
SAL-20260612-0650,2026-06-12,PRD-001,STR-003,2
SAL-20260612-0651,2026-06-12,PRD-001,STR-003,5
SAL-20260612-0652,2026-06-12,PRD-010,STR-003,2
SAL-20260612-0653,2026-06-12,PRD-012,STR-003,2
SAL-20260612-0654,2026-06-12,PRD-004,STR-003,2
SAL-20260612-0655,2026-06-12,PRD-005,STR-003,2
SAL-20260612-0656,2026-06-12,PRD-001,STR-003,1
SAL-20260612-0657,2026-06-12,PRD-016,STR-003,1
SAL-20260612-0658,2026-06-12,PRD-006,STR-003,1
SAL-20260612-0659,2026-06-12,PRD-002,STR-003,2
SAL-20260612-0660,2026-06-12,PRD-009,STR-003,1
SAL-20260612-0661,2026-06-12,PRD-012,STR-003,2
SAL-20260612-0662,2026-06-12,PRD-015,STR-003,1
SAL-20260612-0663,2026-06-12,PRD-017,STR-003,1
SAL-20260612-0664,2026-06-12,PRD-001,STR-003,1
SAL-20260612-0665,2026-06-12,PRD-014,STR-003,2
SAL-20260612-0666,2026-06-12,PRD-008,STR-003,1
SAL-20260612-0667,2026-06-12,PRD-009,STR-003,1
SAL-20260612-0668,2026-06-12,PRD-015,STR-003,1
SAL-20260612-0669,2026-06-12,PRD-013,STR-003,1
SAL-20260612-0670,2026-06-12,PRD-002,STR-003,1
SAL-20260612-0671,2026-06-12,PRD-009,STR-003,1
SAL-20260612-0672,2026-06-12,PRD-005,STR-003,1
SAL-20260612-0673,2026-06-12,PRD-020,STR-003,1
SAL-20260612-0674,2026-06-12,PRD-009,STR-003,2
SAL-20260612-0675,2026-06-12,PRD-004,STR-003,1
SAL-20260612-0676,2026-06-12,PRD-002,STR-003,1
SAL-20260612-0677,2026-06-12,PRD-004,STR-003,1
SAL-20260612-0678,2026-06-12,PRD-005,STR-003,1
SAL-20260612-0679,2026-06-12,PRD-007,STR-003,1
SAL-20260612-0680,2026-06-12,PRD-005,STR-003,1
SAL-20260612-0681,2026-06-12,PRD-004,STR-003,2
SAL-20260612-0682,2026-06-12,PRD-004,STR-003,1
SAL-20260612-0683,2026-06-12,PRD-018,STR-003,2
SAL-20260612-0684,2026-06-12,PRD-005,STR-003,2
SAL-20260612-0685,2026-06-12,PRD-014,STR-003,1
SAL-20260612-0686,2026-06-12,PRD-001,STR-003,1
SAL-20260612-0687,2026-06-12,PRD-013,STR-003,1
SAL-20260612-0688,2026-06-12,PRD-007,STR-003,2
SAL-20260612-0689,2026-06-12,PRD-006,STR-003,1
SAL-20260612-0690,2026-06-12,PRD-006,STR-003,5
SAL-20260612-0691,2026-06-12,PRD-005,STR-003,1
SAL-20260612-0692,2026-06-12,PRD-013,STR-003,1
SAL-20260612-0693,2026-06-12,PRD-013,STR-003,1
SAL-20260612-0694,2026-06-12,PRD-019,STR-003,2
SAL-20260612-0695,2026-06-12,PRD-017,STR-003,2
SAL-20260612-0696,2026-06-12,PRD-010,STR-003,3
SAL-20260612-0697,2026-06-12,PRD-018,STR-003,2
SAL-20260612-0698,2026-06-12,PRD-014,STR-003,2
SAL-20260612-0699,2026-06-12,PRD-002,STR-003,1
SAL-20260612-0700,2026-06-12,PRD-001,STR-003,1
SAL-20260612-0701,2026-06-12,PRD-009,STR-003,1
SAL-20260612-0702,2026-06-12,PRD-013,STR-003,2
SAL-20260612-0703,2026-06-12,PRD-001,STR-003,1
SAL-20260612-0704,2026-06-12,PRD-012,STR-003,3
SAL-20260612-0705,2026-06-12,PRD-017,STR-003,2
SAL-20260612-0706,2026-06-12,PRD-011,STR-003,1
SAL-20260612-0707,2026-06-12,PRD-001,STR-003,1
SAL-20260612-0708,2026-06-12,PRD-017,STR-003,3
SAL-20260612-0709,2026-06-12,PRD-011,STR-003,1
SAL-20260612-0710,2026-06-12,PRD-013,STR-003,1
SAL-20260612-0711,2026-06-12,PRD-003,STR-003,1
SAL-20260612-0712,2026-06-12,PRD-015,STR-003,1
SAL-20260612-0713,2026-06-12,PRD-015,STR-003,1
SAL-20260612-0714,2026-06-12,PRD-009,STR-003,2
SAL-20260612-0715,2026-06-12,PRD-020,STR-003,1
SAL-20260612-0716,2026-06-12,PRD-009,STR-003,1
SAL-20260612-0717,2026-06-12,PRD-017,STR-003,2
SAL-20260612-0718,2026-06-12,PRD-006,STR-003,1
SAL-20260612-0719,2026-06-12,PRD-006,STR-003,2
SAL-20260612-0720,2026-06-12,PRD-011,STR-003,1
SAL-20260612-0721,2026-06-12,PRD-020,STR-003,2
SAL-20260612-0722,2026-06-12,PRD-009,STR-003,1
SAL-20260612-0723,2026-06-12,PRD-005,STR-003,2
SAL-20260612-0724,2026-06-12,PRD-013,STR-003,1
SAL-20260612-0725,2026-06-12,PRD-001,STR-003,1
SAL-20260612-0726,2026-06-12,PRD-017,STR-003,2
SAL-20260612-0727,2026-06-12,PRD-001,STR-003,1
SAL-20260612-0728,2026-06-12,PRD-011,STR-003,1
SAL-20260612-0729,2026-06-12,PRD-016,STR-003,1
SAL-20260612-0730,2026-06-12,PRD-013,STR-003,1
SAL-20260612-0731,2026-06-12,PRD-007,STR-003,1
SAL-20260612-0732,2026-06-12,PRD-005,STR-003,1
SAL-20260612-0733,2026-06-12,PRD-010,STR-003,1
SAL-20260612-0734,2026-06-12,PRD-011,STR-003,1
SAL-20260612-0735,2026-06-12,PRD-007,STR-003,1
SAL-20260612-0736,2026-06-12,PRD-020,STR-003,3
SAL-20260612-0737,2026-06-12,PRD-015,STR-003,1
SAL-20260612-0738,2026-06-12,PRD-001,STR-003,1
SAL-20260612-0739,2026-06-12,PRD-014,STR-003,1
SAL-20260612-0740,2026-06-12,PRD-010,STR-003,1
SAL-20260612-0741,2026-06-12,PRD-011,STR-003,1
SAL-20260612-0742,2026-06-12,PRD-014,STR-003,5
SAL-20260612-0743,2026-06-12,PRD-001,STR-003,1
SAL-20260612-0744,2026-06-12,PRD-009,STR-003,2
SAL-20260612-0745,2026-06-12,PRD-014,STR-003,1
SAL-20260612-0746,2026-06-12,PRD-009,STR-003,1
SAL-20260612-0747,2026-06-12,PRD-015,STR-003,1
SAL-20260612-0748,2026-06-12,PRD-020,STR-003,1
SAL-20260612-0749,2026-06-12,PRD-009,STR-003,1
SAL-20260612-0750,2026-06-12,PRD-009,STR-003,1
SAL-20260612-0751,2026-06-12,PRD-015,STR-003,1
SAL-20260612-0752,2026-06-12,PRD-005,STR-003,1
SAL-20260612-0753,2026-06-12,PRD-006,STR-003,1
SAL-20260612-0754,2026-06-12,PRD-004,STR-003,1
SAL-20260612-0755,2026-06-12,PRD-009,STR-003,1
SAL-20260612-0756,2026-06-12,PRD-001,STR-003,1
SAL-20260612-0757,2026-06-12,PRD-017,STR-003,1
SAL-20260612-0758,2026-06-12,PRD-019,STR-003,1
SAL-20260612-0759,2026-06-12,PRD-008,STR-003,1
SAL-20260612-0760,2026-06-12,PRD-019,STR-003,1
SAL-20260612-0761,2026-06-12,PRD-012,STR-003,1
SAL-20260612-0762,2026-06-12,PRD-006,STR-003,1
SAL-20260612-0763,2026-06-12,PRD-002,STR-003,1
SAL-20260612-0764,2026-06-12,PRD-018,STR-003,1
SAL-20260612-0765,2026-06-12,PRD-002,STR-003,1
SAL-20260612-0766,2026-06-12,PRD-002,STR-003,1
SAL-20260612-0767,2026-06-12,PRD-002,STR-003,1
SAL-20260612-0768,2026-06-12,PRD-011,STR-003,2
SAL-20260612-0769,2026-06-12,PRD-001,STR-003,1
SAL-20260612-0770,2026-06-12,PRD-002,STR-003,2
SAL-20260612-0771,2026-06-12,PRD-015,STR-003,3
SAL-20260612-0772,2026-06-12,PRD-019,STR-003,2
SAL-20260612-0773,2026-06-12,PRD-011,STR-003,1
SAL-20260612-0774,2026-06-12,PRD-002,STR-003,1
SAL-20260612-0775,2026-06-12,PRD-011,STR-003,3
SAL-20260612-0776,2026-06-12,PRD-019,STR-003,1
SAL-20260612-0777,2026-06-12,PRD-014,STR-003,1
SAL-20260612-0778,2026-06-12,PRD-015,STR-003,2
SAL-20260612-0779,2026-06-12,PRD-001,STR-003,1
SAL-20260612-0780,2026-06-12,PRD-017,STR-003,2
SAL-20260612-0781,2026-06-12,PRD-013,STR-003,1
SAL-20260612-0782,2026-06-12,PRD-011,STR-003,1
SAL-20260612-0783,2026-06-12,PRD-005,STR-003,2
SAL-20260612-0784,2026-06-12,PRD-005,STR-003,1
SAL-20260612-0785,2026-06-12,PRD-017,STR-003,1
SAL-20260612-0786,2026-06-12,PRD-001,STR-003,4
SAL-20260612-0787,2026-06-12,PRD-009,STR-003,1
SAL-20260612-0788,2026-06-12,PRD-018,STR-003,1
SAL-20260612-0789,2026-06-12,PRD-010,STR-003,2
SAL-20260612-0790,2026-06-12,PRD-015,STR-003,1
SAL-20260612-0791,2026-06-12,PRD-002,STR-003,1
SAL-20260612-0792,2026-06-12,PRD-004,STR-003,2
SAL-20260612-0793,2026-06-12,PRD-009,STR-003,1
SAL-20260612-0794,2026-06-12,PRD-009,STR-003,1
SAL-20260612-0795,2026-06-12,PRD-010,STR-003,3
SAL-20260612-0796,2026-06-12,PRD-010,STR-003,3
SAL-20260612-0797,2026-06-12,PRD-001,STR-003,1
SAL-20260612-0798,2026-06-12,PRD-011,STR-003,2
SAL-20260612-0799,2026-06-12,PRD-013,STR-003,1
SAL-20260612-0800,2026-06-12,PRD-003,STR-003,2
SAL-20260612-0801,2026-06-12,PRD-010,STR-003,1
SAL-20260612-0802,2026-06-12,PRD-018,STR-003,1
SAL-20260612-0803,2026-06-12,PRD-016,STR-003,1
SAL-20260612-0804,2026-06-12,PRD-002,STR-003,1
SAL-20260612-0805,2026-06-12,PRD-014,STR-003,1
SAL-20260612-0806,2026-06-12,PRD-010,STR-003,1
SAL-20260612-0807,2026-06-12,PRD-015,STR-003,1
SAL-20260612-0808,2026-06-12,PRD-006,STR-003,1
SAL-20260612-0809,2026-06-12,PRD-015,STR-003,1
SAL-20260612-0810,2026-06-12,PRD-016,STR-003,1
SAL-20260612-0811,2026-06-12,PRD-009,STR-003,1
SAL-20260612-0812,2026-06-12,PRD-015,STR-003,1
SAL-20260612-0813,2026-06-12,PRD-006,STR-003,1
SAL-20260612-0814,2026-06-12,PRD-011,STR-003,1
SAL-20260612-0815,2026-06-12,PRD-008,STR-003,2
SAL-20260612-0816,2026-06-12,PRD-004,STR-003,1
SAL-20260612-0817,2026-06-12,PRD-011,STR-003,1
SAL-20260612-0818,2026-06-12,PRD-007,STR-003,1
SAL-20260612-0819,2026-06-12,PRD-010,STR-003,3
SAL-20260612-0820,2026-06-12,PRD-013,STR-003,3
SAL-20260612-0821,2026-06-12,PRD-007,STR-003,1
SAL-20260612-0822,2026-06-12,PRD-020,STR-003,1
SAL-20260612-0823,2026-06-12,PRD-002,STR-003,1
SAL-20260612-0824,2026-06-12,PRD-001,STR-003,2
SAL-20260612-0825,2026-06-12,PRD-012,STR-003,1
SAL-20260612-0826,2026-06-12,PRD-016,STR-003,2
SAL-20260612-0827,2026-06-12,PRD-017,STR-003,3
SAL-20260612-0828,2026-06-12,PRD-017,STR-003,2
SAL-20260612-0829,2026-06-12,PRD-018,STR-003,3
SAL-20260612-0830,2026-06-12,PRD-013,STR-003,1
SAL-20260612-0831,2026-06-12,PRD-013,STR-003,1
SAL-20260612-0832,2026-06-12,PRD-006,STR-003,1
SAL-20260612-0833,2026-06-12,PRD-020,STR-003,1
SAL-20260612-0834,2026-06-12,PRD-016,STR-003,2
SAL-20260612-0835,2026-06-12,PRD-010,STR-003,1
SAL-20260612-0836,2026-06-12,PRD-009,STR-003,1
SAL-20260612-0837,2026-06-12,PRD-014,STR-003,1
SAL-20260612-0838,2026-06-12,PRD-006,STR-003,3
SAL-20260612-0839,2026-06-12,PRD-017,STR-003,4
SAL-20260612-0840,2026-06-12,PRD-011,STR-003,2
SAL-20260612-0841,2026-06-12,PRD-007,STR-003,1
SAL-20260612-0842,2026-06-12,PRD-012,STR-003,1
SAL-20260612-0843,2026-06-12,PRD-016,STR-003,1
SAL-20260612-0844,2026-06-12,PRD-010,STR-003,2
SAL-20260612-0845,2026-06-12,PRD-016,STR-003,3
SAL-20260612-0846,2026-06-12,PRD-017,STR-003,1
SAL-20260612-0847,2026-06-12,PRD-001,STR-003,1
SAL-20260612-0848,2026-06-12,PRD-002,STR-003,1
SAL-20260612-0849,2026-06-12,PRD-005,STR-003,1
SAL-20260612-0850,2026-06-12,PRD-013,STR-003,1
SAL-20260612-0851,2026-06-12,PRD-019,STR-003,1
SAL-20260612-0852,2026-06-12,PRD-014,STR-003,1
SAL-20260612-0853,2026-06-12,PRD-007,STR-003,1
SAL-20260612-0854,2026-06-12,PRD-014,STR-003,1
SAL-20260612-0855,2026-06-12,PRD-016,STR-003,1
SAL-20260612-0856,2026-06-12,PRD-016,STR-003,2
SAL-20260612-0857,2026-06-12,PRD-009,STR-003,2
SAL-20260612-0858,2026-06-12,PRD-017,STR-003,1
SAL-20260612-0859,2026-06-12,PRD-012,STR-003,1
SAL-20260612-0860,2026-06-12,PRD-001,STR-003,1
SAL-20260612-0861,2026-06-12,PRD-016,STR-003,3
SAL-20260612-0862,2026-06-12,PRD-003,STR-003,1
SAL-20260612-0863,2026-06-12,PRD-011,STR-003,3
SAL-20260612-0864,2026-06-12,PRD-016,STR-003,1
SAL-20260612-0865,2026-06-12,PRD-004,STR-003,2
SAL-20260612-0866,2026-06-12,PRD-016,STR-003,1
SAL-20260612-0867,2026-06-12,PRD-013,STR-003,1
